[{"model": "contenttypes.contenttype", "pk": 1, "fields": {"app_label": "admin", "model": "logentry"}}, {"model": "contenttypes.contenttype", "pk": 2, "fields": {"app_label": "auth", "model": "group"}}, {"model": "contenttypes.contenttype", "pk": 3, "fields": {"app_label": "auth", "model": "permission"}}, {"model": "contenttypes.contenttype", "pk": 4, "fields": {"app_label": "auth", "model": "user"}}, {"model": "contenttypes.contenttype", "pk": 5, "fields": {"app_label": "contenttypes", "model": "contenttype"}}, {"model": "contenttypes.contenttype", "pk": 6, "fields": {"app_label": "sessions", "model": "session"}}, {"model": "contenttypes.contenttype", "pk": 7, "fields": {"app_label": "landing", "model": "subscriber"}}, {"model": "contenttypes.contenttype", "pk": 8, "fields": {"app_label": "products", "model": "productimage"}}, {"model": "contenttypes.contenttype", "pk": 9, "fields": {"app_label": "products", "model": "product"}}, {"model": "contenttypes.contenttype", "pk": 10, "fields": {"app_label": "orders", "model": "productinorder"}}, {"model": "contenttypes.contenttype", "pk": 11, "fields": {"app_label": "orders", "model": "status"}}, {"model": "contenttypes.contenttype", "pk": 12, "fields": {"app_label": "orders", "model": "order"}}, {"model": "contenttypes.contenttype", "pk": 13, "fields": {"app_label": "products", "model": "productcategory"}}, {"model": "contenttypes.contenttype", "pk": 14, "fields": {"app_label": "orders", "model": "productinbasket"}}, {"model": "sessions.session", "pk": "2yiyybwcr8l4qgnpgqkey0eky9zeayfx", "fields": {"session_data": "NWY2YjdhMjEwYTFkZTcxMTBhZjZhMjZkNDdiMTgzZjk3ODBiNjk2YTp7Il9hdXRoX3VzZXJfaGFzaCI6ImY4MzhlZjBjYjMwYmMwYjFiOTFkYWJhZWNiNWM4YjBlNWJkM2Q0YTMiLCJfYXV0aF91c2VyX2JhY2tlbmQiOiJkamFuZ28uY29udHJpYi5hdXRoLmJhY2tlbmRzLk1vZGVsQmFja2VuZCIsIl9hdXRoX3VzZXJfaWQiOiIxIn0=", "expire_date": "2017-02-26T11:33:56.641Z"}}, {"model": "sessions.session", "pk": "agrltzu0upx1164ej1fsz3r5oehurbod", "fields": {"session_data": "MmUwNDZlZmYyNWE4MDc5NGJiYzhiZGNjYzMwNjFiNWEwMDU2YzVmNTp7Il9hdXRoX3VzZXJfYmFja2VuZCI6ImRqYW5nby5jb250cmliLmF1dGguYmFja2VuZHMuTW9kZWxCYWNrZW5kIiwiX2F1dGhfdXNlcl9pZCI6IjEiLCJfYXV0aF91c2VyX2hhc2giOiJmODM4ZWYwY2IzMGJjMGIxYjkxZGFiYWVjYjVjOGIwZTViZDNkNGEzIn0=", "expire_date": "2017-04-16T16:24:29.193Z"}}, {"model": "sessions.session", "pk": "d2gpbqfw15wv1udalzmltcd73gktp75u", "fields": {"session_data": "NDZiMDAzZDhlY2IwNTA1YzM5ZmVlNTI4OWExOTdiZjE2NTY3MDA3ZTp7Il9hdXRoX3VzZXJfYmFja2VuZCI6ImRqYW5nby5jb250cmliLmF1dGguYmFja2VuZHMuTW9kZWxCYWNrZW5kIiwiX2F1dGhfdXNlcl9oYXNoIjoiZjgzOGVmMGNiMzBiYzBiMWI5MWRhYmFlY2I1YzhiMGU1YmQzZDRhMyIsIl9hdXRoX3VzZXJfaWQiOiIxIn0=", "expire_date": "2017-02-05T13:51:02.055Z"}}, {"model": "sessions.session", "pk": "orfas8kl2xgz8ce2a4udd0nu0ybtrz0g", "fields": {"session_data": "NmM4ZTMwNWQ4MjYwNjkzNDFmMzI1ZDkwMWEzZDVmODE5YzM1NzA3Zjp7Il9hdXRoX3VzZXJfaWQiOiIxIiwic2Vzc2lvbl9rZXkiOjEyMywiX2F1dGhfdXNlcl9iYWNrZW5kIjoiZGphbmdvLmNvbnRyaWIuYXV0aC5iYWNrZW5kcy5Nb2RlbEJhY2tlbmQiLCJfYXV0aF91c2VyX2hhc2giOiJmODM4ZWYwY2IzMGJjMGIxYjkxZGFiYWVjYjVjOGIwZTViZDNkNGEzIn0=", "expire_date": "2017-05-30T21:27:34.117Z"}}, {"model": "sessions.session", "pk": "txg4row4wywk6yrj23lxs2697fjmahhj", "fields": {"session_data": "NDk4NDVlZDg1OGEyYzgzNTFmN2EzNzI5MzA5NzYwM2FhNzc1NTA0ZTp7ImJhc2tldCI6eyJ0b3RhbF9hbW91bnQiOjM4NDAwMC42LCJwcm9kdWN0cyI6W3sicHJpY2UiOiIzMjAwMC4wNSIsImlkIjoiNCIsIm5hbWUiOiJBcHBsZSBNYWNCb29rIDEyXCIgUmV0aW5hIiwibm1iIjoiMTIifV19fQ==", "expire_date": "2017-04-01T09:12:31.207Z"}}, {"model": "sessions.session", "pk": "xdx7otue3yw53nuwers9h36jwsm6eb00", "fields": {"session_data": "NWY2YjdhMjEwYTFkZTcxMTBhZjZhMjZkNDdiMTgzZjk3ODBiNjk2YTp7Il9hdXRoX3VzZXJfaGFzaCI6ImY4MzhlZjBjYjMwYmMwYjFiOTFkYWJhZWNiNWM4YjBlNWJkM2Q0YTMiLCJfYXV0aF91c2VyX2JhY2tlbmQiOiJkamFuZ28uY29udHJpYi5hdXRoLmJhY2tlbmRzLk1vZGVsQmFja2VuZCIsIl9hdXRoX3VzZXJfaWQiOiIxIn0=", "expire_date": "2017-01-16T23:06:59.535Z"}}, {"model": "sessions.session", "pk": "zs63emsna3fwht754vusl7ymmdvq67w3", "fields": {"session_data": "YTNlNzA4NDY1ZWJkZTI2ZGUyYjhiOWMyOWE3ZDVjMWU1ZWNkY2FmYTp7InNlc3Npb25fa2V5IjoxMjN9", "expire_date": "2017-06-13T23:07:10.698Z"}}, {"model": "landing.subscriber", "pk": 1, "fields": {"email": "codingmedved@gmail.com", "name": "Medved"}}, {"model": "landing.subscriber", "pk": 2, "fields": {"email": "codingmedved@gmail.com", "name": "codingmedved"}}, {"model": "landing.subscriber", "pk": 3, "fields": {"email": "codingmedved12@gmail.com", "name": "test12"}}, {"model": "landing.subscriber", "pk": 4, "fields": {"email": "coding.medved@gmail.com", "name": "Test1234"}}, {"model": "landing.subscriber", "pk": 5, "fields": {"email": "codingmedved@gmail.com", "name": "Test1"}}, {"model": "products.productcategory", "pk": 1, "fields": {"name": "\u0422\u0435\u043b\u0435\u0444\u043e\u043d\u044b", "is_active": true}}, {"model": "products.productcategory", "pk": 2, "fields": {"name": "\u041d\u043e\u0443\u0442\u0431\u0443\u043a\u0438", "is_active": true}}, {"model": "products.product", "pk": 1, "fields": {"name": "Iphone 7 Plus 256gb", "price": "28000.00", "discount": 0, "category": 1, "short_description": "", "description": "\u0420\u0430\u0434\u0438\u043a\u0430\u043b\u044c\u043d\u043e\u0435 \u043f\u0435\u0440\u0435\u043e\u0441\u043c\u044b\u0441\u043b\u0435\u043d\u0438\u0435 \u2014 \u0432\u043e\u0442 \u0442\u0430\u043a \u0432 \u0434\u0432\u0443\u0445 \u0441\u043b\u043e\u0432\u0430\u0445 \u043c\u043e\u0436\u043d\u043e \u043e\u0445\u0430\u0440\u0430\u043a\u0442\u0435\u0440\u0438\u0437\u043e\u0432\u0430\u0442\u044c \u0441\u043c\u0430\u0440\u0442\u0444\u043e\u043d\u044b Apple \u043e\u0431\u0440\u0430\u0437\u0446\u0430 2016 \u0433\u043e\u0434\u0430. \u041f\u0440\u043e\u0446\u0435\u0441\u0441\u043e\u0440, \u043e\u0431\u0435 \u043a\u0430\u043c\u0435\u0440\u044b, \u044d\u043a\u0440\u0430\u043d, \u0430\u0443\u0434\u0438\u043e\u0441\u0438\u0441\u0442\u0435\u043c\u0430, \u0434\u0430\u0436\u0435 \u043a\u043d\u043e\u043f\u043a\u0430 \u00ab\u0414\u043e\u043c\u043e\u0439\u00bb \u2014 \u0432\u0441\u0435 \u043f\u0440\u0435\u0442\u0435\u0440\u043f\u0435\u043b\u043e \u043a\u0430\u0447\u0435\u0441\u0442\u0432\u0435\u043d\u043d\u044b\u0435 \u0438\u0437\u043c\u0435\u043d\u0435\u043d\u0438\u044f, \u0441 \u044e\u0432\u0435\u043b\u0438\u0440\u043d\u043e\u0439 \u0442\u043e\u0447\u043d\u043e\u0441\u0442\u044c\u044e \u0443\u043c\u0435\u0441\u0442\u0438\u0432\u0448\u0438\u0441\u044c \u0432 \u043d\u043e\u0432\u043e\u043c \u0432\u043e\u0434\u043e\u043d\u0435\u043f\u0440\u043e\u043d\u0438\u0446\u0430\u0435\u043c\u043e\u043c \u043a\u043e\u0440\u043f\u0443\u0441\u0435.", "is_active": true, "created": "2017-01-22T15:06:33.679Z", "updated": "2017-02-12T17:02:03.457Z"}}, {"model": "products.product", "pk": 2, "fields": {"name": "Apple iPhone 5s 16gb", "price": "20000.00", "discount": 0, "category": 1, "short_description": "", "description": "\u0421\u0442\u0438\u043b\u044c\u043d\u044b\u0439 \u044d\u043a\u0441\u0442\u0435\u0440\u044c\u0435\u0440 \u043f\u0440\u0435\u043c\u0438\u0443\u043c-\u043a\u043b\u0430\u0441\u0441\u0430 \u043f\u043e\u0434\u0447\u0435\u0440\u043a\u0438\u0432\u0430\u0435\u0442 \u043d\u0435\u0432\u0435\u0440\u043e\u044f\u0442\u043d\u044b\u0435 \u0432\u043e\u0437\u043c\u043e\u0436\u043d\u043e\u0441\u0442\u0438 iPhone 5s, \u0440\u0435\u0430\u043b\u0438\u0437\u043e\u0432\u0430\u043d\u043d\u044b\u0435 \u043d\u0430 \u0431\u0430\u0437\u0435 \u043d\u043e\u0432\u0435\u0439\u0448\u0435\u0439 \u043c\u043e\u0431\u0438\u043b\u044c\u043d\u043e\u0439 \u043e\u043f\u0435\u0440\u0430\u0446\u0438\u043e\u043d\u043d\u043e\u0439 \u0441\u0438\u0441\u0442\u0435\u043c\u044b iOS 7.", "is_active": true, "created": "2017-02-05T09:48:52.336Z", "updated": "2017-04-02T16:28:03.626Z"}}, {"model": "products.product", "pk": 3, "fields": {"name": "Apple iPhone 7 128 \u0413\u0411 Silver", "price": "0.00", "discount": 15, "category": 1, "short_description": "", "description": "\u0412 iPhone 7 \u0432\u0441\u0435 \u0432\u0430\u0436\u043d\u0435\u0439\u0448\u0438\u0435 \u0430\u0441\u043f\u0435\u043a\u0442\u044b iPhone \u0437\u043d\u0430\u0447\u0438\u0442\u0435\u043b\u044c\u043d\u043e \u0443\u043b\u0443\u0447\u0448\u0435\u043d\u044b.\r\n\u042d\u0442\u043e \u043f\u0440\u0438\u043d\u0446\u0438\u043f\u0438\u0430\u043b\u044c\u043d\u043e \u043d\u043e\u0432\u0430\u044f \u0441\u0438\u0441\u0442\u0435\u043c\u0430 \u043a\u0430\u043c\u0435\u0440 \u0434\u043b\u044f \u0444\u043e\u0442\u043e- \u0438 \u0432\u0438\u0434\u0435\u043e\u0441\u044a\u0451\u043c\u043a\u0438.\r\n\u041c\u0430\u043a\u0441\u0438\u043c\u0430\u043b\u044c\u043d\u043e \u043c\u043e\u0449\u043d\u044b\u0439 \u0438 \u044d\u043a\u043e\u043d\u043e\u043c\u0438\u0447\u043d\u044b\u0439 \u0430\u043a\u043a\u0443\u043c\u0443\u043b\u044f\u0442\u043e\u0440 iPhone.\r\n\u0421\u0442\u0435\u0440\u0435\u043e\u0434\u0438\u043d\u0430\u043c\u0438\u043a\u0438 \u0441 \u0431\u043e\u0433\u0430\u0442\u044b\u043c \u0437\u0432\u0443\u0447\u0430\u043d\u0438\u0435\u043c. \u0421\u0430\u043c\u044b\u0439 \u044f\u0440\u043a\u0438\u0439 \u0438 \u0440\u0430\u0437\u043d\u043e\u0446\u0432\u0435\u0442\u043d\u044b\u0439\r\n\u0438\u0437 \u0432\u0441\u0435\u0445 \u0434\u0438\u0441\u043f\u043b\u0435\u0435\u0432 iPhone. \u0417\u0430\u0449\u0438\u0442\u0430 \u043e\u0442 \u0431\u0440\u044b\u0437\u0433 \u0438 \u0432\u043e\u0434\u044b. \u0418 \u0435\u0433\u043e \u0432\u043d\u0435\u0448\u043d\u0438\u0435 \u0434\u0430\u043d\u043d\u044b\u0435\r\n\u0432\u043f\u0435\u0447\u0430\u0442\u043b\u044f\u044e\u0442 \u043d\u0435 \u043c\u0435\u043d\u0435\u0435, \u0447\u0435\u043c \u0432\u043d\u0443\u0442\u0440\u0435\u043d\u043d\u0438\u0435 \u0432\u043e\u0437\u043c\u043e\u0436\u043d\u043e\u0441\u0442\u0438. \u0412\u0441\u0451 \u044d\u0442\u043e iPhone 7.", "is_active": true, "created": "2017-02-05T09:53:07.537Z", "updated": "2017-02-12T17:11:25.892Z"}}, {"model": "products.product", "pk": 4, "fields": {"name": "Apple MacBook 12\" Retina", "price": "32000.05", "discount": 5, "category": 2, "short_description": "", "description": "\u041d\u043e\u0432\u043e\u0435 \u0441\u043b\u043e\u0432\u043e \u0432 \u043c\u0438\u0440\u0435 \u0432\u044b\u0441\u043e\u043a\u043e\u0439 \u0445\u0430\u0439\u0442\u0435\u043a-\u043c\u043e\u0434\u044b. \u042d\u0442\u043e\u0442 \u0441\u0430\u043c\u044b\u0439 \u0442\u043e\u043d\u043a\u0438\u0439 \u043d\u043e\u0443\u0442\u0431\u0443\u043a Apple \u0437\u0430 \u0432\u0441\u044e \u0438\u0441\u0442\u043e\u0440\u0438\u044e \u043e\u0441\u043d\u0430\u0449\u0435\u043d \u0443\u043b\u044c\u0442\u0440\u0430\u044d\u043a\u043e\u043d\u043e\u043c\u0438\u0447\u043d\u044b\u043c \u043f\u0440\u043e\u0446\u0435\u0441\u0441\u043e\u0440\u043e\u043c Intel Core M, \u0441\u043a\u043e\u0440\u043e\u0441\u0442\u043d\u044b\u043c SSD-\u043d\u0430\u043a\u043e\u043f\u0438\u0442\u0435\u043b\u0435\u043c \u0438 \u043f\u043e\u0442\u0440\u044f\u0441\u0430\u044e\u0449\u0438\u043c \u0434\u0438\u0441\u043f\u043b\u0435\u0435\u043c Retina \u0441 \u0434\u0438\u0430\u0433\u043e\u043d\u0430\u043b\u044c\u044e 12 \u0434\u044e\u0439\u043c\u043e\u0432. \u041d\u0435\u0432\u0435\u0440\u043e\u044f\u0442\u043d\u043e \u0441\u0442\u0438\u043b\u044c\u043d\u044b\u0439 \u0438, \u0447\u0442\u043e \u043d\u0435 \u043c\u0435\u043d\u0435\u0435 \u0432\u0430\u0436\u043d\u043e, \u0430\u0431\u0441\u043e\u043b\u044e\u0442\u043d\u043e \u0431\u0435\u0441\u0448\u0443\u043c\u043d\u044b\u0439 \u043f\u043e\u043c\u043e\u0449\u043d\u0438\u043a.", "is_active": true, "created": "2017-02-05T09:54:29.484Z", "updated": "2017-02-12T17:11:32.560Z"}}, {"model": "products.productimage", "pk": 1, "fields": {"product": 1, "image": "products_images/iphone_7_jet_black-image_01_U5CakOv.jpg", "is_main": true, "is_active": true, "created": "2017-01-22T15:10:35.802Z", "updated": "2017-02-12T13:11:32.551Z"}}, {"model": "products.productimage", "pk": 2, "fields": {"product": 1, "image": "products_images/iphone_7_black-image_02_eMhZq62.jpg", "is_main": false, "is_active": true, "created": "2017-01-22T15:11:03.519Z", "updated": "2017-01-22T15:11:03.519Z"}}, {"model": "products.productimage", "pk": 3, "fields": {"product": 1, "image": "products_images/MKTQ2_image_02.jpg", "is_main": false, "is_active": false, "created": "2017-01-22T15:14:08.943Z", "updated": "2017-01-22T15:14:46.420Z"}}, {"model": "products.productimage", "pk": 5, "fields": {"product": 2, "image": "products_images/Space_Gray_image_01.jpg", "is_main": true, "is_active": true, "created": "2017-02-05T09:49:55.544Z", "updated": "2017-02-12T13:11:43.881Z"}}, {"model": "products.productimage", "pk": 6, "fields": {"product": 2, "image": "products_images/Space_Gray_image_02.jpg", "is_main": false, "is_active": true, "created": "2017-02-05T09:49:55.548Z", "updated": "2017-02-05T09:49:55.548Z"}}, {"model": "products.productimage", "pk": 7, "fields": {"product": 2, "image": "products_images/Space_Gray_image_03.jpg", "is_main": false, "is_active": true, "created": "2017-02-05T09:49:55.550Z", "updated": "2017-02-05T09:49:55.550Z"}}, {"model": "products.productimage", "pk": 8, "fields": {"product": 3, "image": "products_images/iphone_7_silver-image_01_3pHyPtA_1.jpg", "is_main": true, "is_active": true, "created": "2017-02-05T09:53:07.541Z", "updated": "2017-02-12T13:11:55.291Z"}}, {"model": "products.productimage", "pk": 9, "fields": {"product": 3, "image": "products_images/iphone_7_silver-image_02_63s6q7L.jpg", "is_main": false, "is_active": true, "created": "2017-02-05T09:53:07.543Z", "updated": "2017-02-05T09:53:07.543Z"}}, {"model": "products.productimage", "pk": 10, "fields": {"product": 4, "image": "products_images/MacBook_256_Silver_image_01.jpg", "is_main": false, "is_active": true, "created": "2017-02-05T09:55:12.796Z", "updated": "2017-02-05T09:55:12.796Z"}}, {"model": "products.productimage", "pk": 11, "fields": {"product": 4, "image": "products_images/MacBook_256_Silver_image_02.jpg", "is_main": true, "is_active": true, "created": "2017-02-05T09:55:12.798Z", "updated": "2017-02-12T13:12:04.409Z"}}, {"model": "products.productimage", "pk": 12, "fields": {"product": 4, "image": "products_images/MacBook_256_Silver_image_03.jpg", "is_main": false, "is_active": true, "created": "2017-02-05T09:55:12.800Z", "updated": "2017-02-05T09:55:12.800Z"}}, {"model": "products.productimage", "pk": 13, "fields": {"product": 4, "image": "products_images/MacBook_256_Silver_image_04.jpg", "is_main": false, "is_active": true, "created": "2017-02-05T09:55:12.802Z", "updated": "2017-02-05T09:55:12.802Z"}}, {"model": "orders.status", "pk": 1, "fields": {"name": "\u041d\u043e\u0432\u044b\u0439", "is_active": true, "created": "2017-01-22T15:15:59.319Z", "updated": "2017-01-22T15:15:59.319Z"}}, {"model": "orders.status", "pk": 2, "fields": {"name": "\u0412 \u0440\u0430\u0431\u043e\u0442\u0435", "is_active": true, "created": "2017-01-22T15:16:05.599Z", "updated": "2017-01-22T15:16:05.599Z"}}, {"model": "orders.status", "pk": 3, "fields": {"name": "\u041e\u0442\u043c\u0435\u043d\u0435\u043d", "is_active": true, "created": "2017-01-22T15:16:10.948Z", "updated": "2017-01-22T15:16:10.948Z"}}, {"model": "orders.status", "pk": 4, "fields": {"name": "\u0412\u044b\u043f\u043e\u043b\u043d\u0435\u043d", "is_active": true, "created": "2017-01-22T15:16:18.243Z", "updated": "2017-01-22T15:16:37.721Z"}}, {"model": "orders.productinorder", "pk": 1, "fields": {"order": 1, "product": 1, "nmb": 1, "price_per_item": "0.00", "total_price": "0.00", "is_active": true, "created": "2017-01-22T15:17:19.556Z", "updated": "2017-01-22T15:17:19.556Z"}}, {"model": "orders.productinorder", "pk": 2, "fields": {"order": 2, "product": 4, "nmb": 2, "price_per_item": "32000.05", "total_price": "64000.10", "is_active": true, "created": "2017-02-05T10:14:25.332Z", "updated": "2017-02-05T10:14:25.332Z"}}, {"model": "orders.productinorder", "pk": 3, "fields": {"order": 3, "product": 4, "nmb": 1, "price_per_item": "32000.05", "total_price": "32000.05", "is_active": true, "created": "2017-02-05T10:22:19.918Z", "updated": "2017-02-05T10:23:27.226Z"}}, {"model": "orders.productinorder", "pk": 4, "fields": {"order": 3, "product": 1, "nmb": 1, "price_per_item": "28000.00", "total_price": "28000.00", "is_active": true, "created": "2017-02-05T10:23:03.554Z", "updated": "2017-02-05T10:23:03.554Z"}}, {"model": "orders.productinorder", "pk": 5, "fields": {"order": 6, "product": 4, "nmb": 1, "price_per_item": "32000.05", "total_price": "32000.05", "is_active": true, "created": "2017-05-16T21:32:57.736Z", "updated": "2017-05-16T21:32:57.737Z"}}, {"model": "orders.productinorder", "pk": 6, "fields": {"order": 6, "product": 2, "nmb": 3, "price_per_item": "20000.00", "total_price": "60000.00", "is_active": true, "created": "2017-05-16T21:32:57.855Z", "updated": "2017-05-16T21:32:57.855Z"}}, {"model": "orders.productinorder", "pk": 7, "fields": {"order": 7, "product": 3, "nmb": 2, "price_per_item": "0.00", "total_price": "0.00", "is_active": true, "created": "2017-05-16T21:50:08.915Z", "updated": "2017-05-16T21:50:08.915Z"}}, {"model": "orders.productinorder", "pk": 8, "fields": {"order": 7, "product": 1, "nmb": 2, "price_per_item": "28000.00", "total_price": "56000.00", "is_active": true, "created": "2017-05-16T21:50:09.791Z", "updated": "2017-05-16T21:50:09.791Z"}}, {"model": "orders.productinorder", "pk": 9, "fields": {"order": 8, "product": 2, "nmb": 8, "price_per_item": "20000.00", "total_price": "160000.00", "is_active": true, "created": "2017-05-16T21:55:37.943Z", "updated": "2017-05-16T21:55:37.943Z"}}, {"model": "orders.productinorder", "pk": 10, "fields": {"order": 9, "product": 2, "nmb": 1, "price_per_item": "20000.00", "total_price": "20000.00", "is_active": true, "created": "2017-05-30T23:09:46.556Z", "updated": "2017-05-30T23:09:46.556Z"}}, {"model": "orders.productinorder", "pk": 11, "fields": {"order": 10, "product": 2, "nmb": 1, "price_per_item": "20000.00", "total_price": "20000.00", "is_active": true, "created": "2017-05-30T23:10:29.306Z", "updated": "2017-05-30T23:10:29.306Z"}}, {"model": "orders.productinorder", "pk": 12, "fields": {"order": 11, "product": 2, "nmb": 1, "price_per_item": "20000.00", "total_price": "20000.00", "is_active": true, "created": "2017-05-30T23:11:03.703Z", "updated": "2017-05-30T23:11:03.703Z"}}, {"model": "orders.productinorder", "pk": 13, "fields": {"order": 12, "product": 1, "nmb": 1, "price_per_item": "28000.00", "total_price": "28000.00", "is_active": true, "created": "2017-05-30T23:12:19.792Z", "updated": "2017-05-30T23:12:19.792Z"}}, {"model": "orders.productinbasket", "pk": 24, "fields": {"session_key": "orfas8kl2xgz8ce2a4udd0nu0ybtrz0g", "order": 7, "product": 1, "nmb": 2, "price_per_item": "28000.00", "total_price": "56000.00", "is_active": true, "created": "2017-05-16T21:49:39.281Z", "updated": "2017-05-16T21:50:09.393Z"}}, {"model": "orders.productinbasket", "pk": 25, "fields": {"session_key": "orfas8kl2xgz8ce2a4udd0nu0ybtrz0g", "order": 7, "product": 3, "nmb": 2, "price_per_item": "0.00", "total_price": "0.00", "is_active": true, "created": "2017-05-16T21:49:48.689Z", "updated": "2017-05-16T21:50:08.498Z"}}, {"model": "orders.productinbasket", "pk": 26, "fields": {"session_key": "orfas8kl2xgz8ce2a4udd0nu0ybtrz0g", "order": 8, "product": 2, "nmb": 8, "price_per_item": "20000.00", "total_price": "160000.00", "is_active": true, "created": "2017-05-16T21:53:18.949Z", "updated": "2017-05-16T21:55:37.934Z"}}, {"model": "orders.productinbasket", "pk": 27, "fields": {"session_key": "zs63emsna3fwht754vusl7ymmdvq67w3", "order": 11, "product": 2, "nmb": 4, "price_per_item": "20000.00", "total_price": "80000.00", "is_active": true, "created": "2017-05-30T23:09:25.672Z", "updated": "2017-05-30T23:11:29.846Z"}}, {"model": "orders.productinbasket", "pk": 28, "fields": {"session_key": "zs63emsna3fwht754vusl7ymmdvq67w3", "order": 12, "product": 1, "nmb": 1, "price_per_item": "28000.00", "total_price": "28000.00", "is_active": true, "created": "2017-05-30T23:12:04.372Z", "updated": "2017-05-30T23:12:19.781Z"}}, {"model": "auth.permission", "pk": 1, "fields": {"name": "Can add log entry", "content_type": 1, "codename": "add_logentry"}}, {"model": "auth.permission", "pk": 2, "fields": {"name": "Can change log entry", "content_type": 1, "codename": "change_logentry"}}, {"model": "auth.permission", "pk": 3, "fields": {"name": "Can delete log entry", "content_type": 1, "codename": "delete_logentry"}}, {"model": "auth.permission", "pk": 4, "fields": {"name": "Can add group", "content_type": 2, "codename": "add_group"}}, {"model": "auth.permission", "pk": 5, "fields": {"name": "Can change group", "content_type": 2, "codename": "change_group"}}, {"model": "auth.permission", "pk": 6, "fields": {"name": "Can delete group", "content_type": 2, "codename": "delete_group"}}, {"model": "auth.permission", "pk": 7, "fields": {"name": "Can add permission", "content_type": 3, "codename": "add_permission"}}, {"model": "auth.permission", "pk": 8, "fields": {"name": "Can change permission", "content_type": 3, "codename": "change_permission"}}, {"model": "auth.permission", "pk": 9, "fields": {"name": "Can delete permission", "content_type": 3, "codename": "delete_permission"}}, {"model": "auth.permission", "pk": 10, "fields": {"name": "Can add user", "content_type": 4, "codename": "add_user"}}, {"model": "auth.permission", "pk": 11, "fields": {"name": "Can change user", "content_type": 4, "codename": "change_user"}}, {"model": "auth.permission", "pk": 12, "fields": {"name": "Can delete user", "content_type": 4, "codename": "delete_user"}}, {"model": "auth.permission", "pk": 13, "fields": {"name": "Can add content type", "content_type": 5, "codename": "add_contenttype"}}, {"model": "auth.permission", "pk": 14, "fields": {"name": "Can change content type", "content_type": 5, "codename": "change_contenttype"}}, {"model": "auth.permission", "pk": 15, "fields": {"name": "Can delete content type", "content_type": 5, "codename": "delete_contenttype"}}, {"model": "auth.permission", "pk": 16, "fields": {"name": "Can add session", "content_type": 6, "codename": "add_session"}}, {"model": "auth.permission", "pk": 17, "fields": {"name": "Can change session", "content_type": 6, "codename": "change_session"}}, {"model": "auth.permission", "pk": 18, "fields": {"name": "Can delete session", "content_type": 6, "codename": "delete_session"}}, {"model": "auth.permission", "pk": 19, "fields": {"name": "Can add subscribers", "content_type": 7, "codename": "add_subscribers"}}, {"model": "auth.permission", "pk": 20, "fields": {"name": "Can change subscribers", "content_type": 7, "codename": "change_subscribers"}}, {"model": "auth.permission", "pk": 21, "fields": {"name": "Can delete subscribers", "content_type": 7, "codename": "delete_subscribers"}}, {"model": "auth.permission", "pk": 22, "fields": {"name": "Can add subscriber", "content_type": 7, "codename": "add_subscriber"}}, {"model": "auth.permission", "pk": 23, "fields": {"name": "Can change subscriber", "content_type": 7, "codename": "change_subscriber"}}, {"model": "auth.permission", "pk": 24, "fields": {"name": "Can delete subscriber", "content_type": 7, "codename": "delete_subscriber"}}, {"model": "auth.permission", "pk": 25, "fields": {"name": "Can add \u0424\u043e\u0442\u043e\u0433\u0440\u0430\u0444\u0438\u044f", "content_type": 8, "codename": "add_productimage"}}, {"model": "auth.permission", "pk": 26, "fields": {"name": "Can change \u0424\u043e\u0442\u043e\u0433\u0440\u0430\u0444\u0438\u044f", "content_type": 8, "codename": "change_productimage"}}, {"model": "auth.permission", "pk": 27, "fields": {"name": "Can delete \u0424\u043e\u0442\u043e\u0433\u0440\u0430\u0444\u0438\u044f", "content_type": 8, "codename": "delete_productimage"}}, {"model": "auth.permission", "pk": 28, "fields": {"name": "Can add \u0422\u043e\u0432\u0430\u0440", "content_type": 9, "codename": "add_product"}}, {"model": "auth.permission", "pk": 29, "fields": {"name": "Can change \u0422\u043e\u0432\u0430\u0440", "content_type": 9, "codename": "change_product"}}, {"model": "auth.permission", "pk": 30, "fields": {"name": "Can delete \u0422\u043e\u0432\u0430\u0440", "content_type": 9, "codename": "delete_product"}}, {"model": "auth.permission", "pk": 31, "fields": {"name": "Can add \u0422\u043e\u0432\u0430\u0440", "content_type": 10, "codename": "add_productinorder"}}, {"model": "auth.permission", "pk": 32, "fields": {"name": "Can change \u0422\u043e\u0432\u0430\u0440", "content_type": 10, "codename": "change_productinorder"}}, {"model": "auth.permission", "pk": 33, "fields": {"name": "Can delete \u0422\u043e\u0432\u0430\u0440", "content_type": 10, "codename": "delete_productinorder"}}, {"model": "auth.permission", "pk": 34, "fields": {"name": "Can add \u0421\u0442\u0430\u0442\u0443\u0441 \u0437\u0430\u043a\u0430\u0437\u0430", "content_type": 11, "codename": "add_status"}}, {"model": "auth.permission", "pk": 35, "fields": {"name": "Can change \u0421\u0442\u0430\u0442\u0443\u0441 \u0437\u0430\u043a\u0430\u0437\u0430", "content_type": 11, "codename": "change_status"}}, {"model": "auth.permission", "pk": 36, "fields": {"name": "Can delete \u0421\u0442\u0430\u0442\u0443\u0441 \u0437\u0430\u043a\u0430\u0437\u0430", "content_type": 11, "codename": "delete_status"}}, {"model": "auth.permission", "pk": 37, "fields": {"name": "Can add \u0417\u0430\u043a\u0430\u0437", "content_type": 12, "codename": "add_order"}}, {"model": "auth.permission", "pk": 38, "fields": {"name": "Can change \u0417\u0430\u043a\u0430\u0437", "content_type": 12, "codename": "change_order"}}, {"model": "auth.permission", "pk": 39, "fields": {"name": "Can delete \u0417\u0430\u043a\u0430\u0437", "content_type": 12, "codename": "delete_order"}}, {"model": "auth.permission", "pk": 40, "fields": {"name": "Can add \u041a\u0430\u0442\u0435\u0433\u043e\u0440\u0438\u044f \u0442\u043e\u0432\u0430\u0440\u0430", "content_type": 13, "codename": "add_productcategory"}}, {"model": "auth.permission", "pk": 41, "fields": {"name": "Can change \u041a\u0430\u0442\u0435\u0433\u043e\u0440\u0438\u044f \u0442\u043e\u0432\u0430\u0440\u0430", "content_type": 13, "codename": "change_productcategory"}}, {"model": "auth.permission", "pk": 42, "fields": {"name": "Can delete \u041a\u0430\u0442\u0435\u0433\u043e\u0440\u0438\u044f \u0442\u043e\u0432\u0430\u0440\u0430", "content_type": 13, "codename": "delete_productcategory"}}, {"model": "auth.permission", "pk": 43, "fields": {"name": "Can add \u0422\u043e\u0432\u0430\u0440 \u0432 \u043a\u043e\u0440\u0437\u0438\u043d\u0435", "content_type": 14, "codename": "add_productinbasket"}}, {"model": "auth.permission", "pk": 44, "fields": {"name": "Can change \u0422\u043e\u0432\u0430\u0440 \u0432 \u043a\u043e\u0440\u0437\u0438\u043d\u0435", "content_type": 14, "codename": "change_productinbasket"}}, {"model": "auth.permission", "pk": 45, "fields": {"name": "Can delete \u0422\u043e\u0432\u0430\u0440 \u0432 \u043a\u043e\u0440\u0437\u0438\u043d\u0435", "content_type": 14, "codename": "delete_productinbasket"}}, {"model": "auth.user", "pk": 1, "fields": {"password": "pbkdf2_sha256$30000$Rd5VtjQ62FR0$iVhS9yQYTgaPRbmFtXutvMTneVhDDRtnE1ZahZ60CUc=", "last_login": "2017-05-16T21:27:34.090Z", "is_superuser": true, "username": "admin", "first_name": "", "last_name": "", "email": "codingmedved@gmail.com", "is_staff": true, "is_active": true, "date_joined": "2017-01-02T23:06:47.652Z", "groups": [], "user_permissions": []}}, {"model": "auth.user", "pk": 2, "fields": {"password": "", "last_login": null, "is_superuser": false, "username": "dfsdf", "first_name": "dfsdf", "last_name": "", "email": "", "is_staff": false, "is_active": true, "date_joined": "2017-05-16T21:19:13.273Z", "groups": [], "user_permissions": []}}, {"model": "auth.user", "pk": 3, "fields": {"password": "", "last_login": null, "is_superuser": false, "username": "123456", "first_name": "Test Name", "last_name": "", "email": "", "is_staff": false, "is_active": true, "date_joined": "2017-05-16T21:29:44.750Z", "groups": [], "user_permissions": []}}, {"model": "auth.user", "pk": 4, "fields": {"password": "", "last_login": null, "is_superuser": false, "username": "1234", "first_name": "Test Name2", "last_name": "", "email": "", "is_staff": false, "is_active": true, "date_joined": "2017-05-16T21:50:07.919Z", "groups": [], "user_permissions": []}}, {"model": "auth.user", "pk": 5, "fields": {"password": "", "last_login": null, "is_superuser": false, "username": "12345", "first_name": "Test", "last_name": "", "email": "", "is_staff": false, "is_active": true, "date_joined": "2017-05-30T23:09:46.540Z", "groups": [], "user_permissions": []}}, {"model": "orders.order", "pk": 1, "fields": {"user": null, "total_price": "0.00", "customer_name": "codingmedved", "customer_email": "", "customer_phone": "1234", "customer_address": null, "comments": "\u0414\u043e\u0441\u0442\u0430\u0432\u043a\u0430 \u0434\u043e\u043c\u043e\u0439", "status": 1, "created": "2017-01-22T15:16:57.459Z", "updated": "2017-01-22T15:16:57.460Z"}}, {"model": "orders.order", "pk": 2, "fields": {"user": null, "total_price": "0.00", "customer_name": "", "customer_email": "", "customer_phone": "", "customer_address": "", "comments": "", "status": 1, "created": "2017-02-05T10:14:25.328Z", "updated": "2017-02-05T10:14:25.330Z"}}, {"model": "orders.order", "pk": 3, "fields": {"user": null, "total_price": "60000.05", "customer_name": "", "customer_email": "", "customer_phone": "", "customer_address": "", "comments": "", "status": 1, "created": "2017-02-05T10:22:19.915Z", "updated": "2017-02-05T10:23:35.996Z"}}, {"model": "orders.order", "pk": 4, "fields": {"user": 3, "total_price": "0.00", "customer_name": "Test Name", "customer_email": null, "customer_phone": "123456", "customer_address": null, "comments": null, "status": 1, "created": "2017-05-16T21:30:42.852Z", "updated": "2017-05-16T21:30:42.852Z"}}, {"model": "orders.order", "pk": 5, "fields": {"user": 3, "total_price": "0.00", "customer_name": "Test Name", "customer_email": null, "customer_phone": "123456", "customer_address": null, "comments": null, "status": 1, "created": "2017-05-16T21:32:23.082Z", "updated": "2017-05-16T21:32:23.082Z"}}, {"model": "orders.order", "pk": 6, "fields": {"user": 3, "total_price": "92000.05", "customer_name": "Test Name", "customer_email": null, "customer_phone": "123456", "customer_address": null, "comments": null, "status": 1, "created": "2017-05-16T21:32:57.710Z", "updated": "2017-05-16T21:32:57.861Z"}}, {"model": "orders.order", "pk": 7, "fields": {"user": 4, "total_price": "56000.00", "customer_name": "Test Name2", "customer_email": null, "customer_phone": "1234", "customer_address": null, "comments": null, "status": 1, "created": "2017-05-16T21:50:08.081Z", "updated": "2017-05-16T21:50:10.216Z"}}, {"model": "orders.order", "pk": 8, "fields": {"user": 4, "total_price": "160000.00", "customer_name": "Name Test3", "customer_email": null, "customer_phone": "1234", "customer_address": null, "comments": null, "status": 1, "created": "2017-05-16T21:55:37.926Z", "updated": "2017-05-16T21:55:37.950Z"}}, {"model": "orders.order", "pk": 9, "fields": {"user": 5, "total_price": "20000.00", "customer_name": "Test", "customer_email": null, "customer_phone": "12345", "customer_address": null, "comments": null, "status": 1, "created": "2017-05-30T23:09:46.544Z", "updated": "2017-05-30T23:09:46.587Z"}}, {"model": "orders.order", "pk": 10, "fields": {"user": 5, "total_price": "20000.00", "customer_name": "Test", "customer_email": null, "customer_phone": "12345", "customer_address": null, "comments": null, "status": 1, "created": "2017-05-30T23:10:29.287Z", "updated": "2017-05-30T23:10:29.312Z"}}, {"model": "orders.order", "pk": 11, "fields": {"user": 5, "total_price": "20000.00", "customer_name": "Test", "customer_email": null, "customer_phone": "12345", "customer_address": null, "comments": null, "status": 1, "created": "2017-05-30T23:11:03.687Z", "updated": "2017-05-30T23:11:03.709Z"}}, {"model": "orders.order", "pk": 12, "fields": {"user": 5, "total_price": "28000.00", "customer_name": "test", "customer_email": null, "customer_phone": "12345", "customer_address": null, "comments": null, "status": 1, "created": "2017-05-30T23:12:19.774Z", "updated": "2017-05-30T23:12:19.797Z"}}, {"model": "admin.logentry", "pk": 1, "fields": {"action_time": "2017-01-02T23:08:52.530Z", "user": 1, "content_type": 7, "object_id": "1", "object_repr": "Subscribers object", "action_flag": 1, "change_message": "[{\"added\": {}}]"}}, {"model": "admin.logentry", "pk": 2, "fields": {"action_time": "2017-01-11T12:06:13.167Z", "user": 1, "content_type": 7, "object_id": "3", "object_repr": "\u041f\u043e\u043b\u044c\u0437\u043e\u0432\u0430\u0442\u0435\u043b\u044c test12 codingmedved12@gmail.com", "action_flag": 2, "change_message": "[{\"changed\": {\"fields\": [\"email\"]}}]"}}, {"model": "admin.logentry", "pk": 3, "fields": {"action_time": "2017-01-22T15:06:33.708Z", "user": 1, "content_type": 9, "object_id": "1", "object_repr": "1", "action_flag": 1, "change_message": "[{\"added\": {}}]"}}, {"model": "admin.logentry", "pk": 4, "fields": {"action_time": "2017-01-22T15:10:35.803Z", "user": 1, "content_type": 8, "object_id": "1", "object_repr": "1", "action_flag": 1, "change_message": "[{\"added\": {}}]"}}, {"model": "admin.logentry", "pk": 5, "fields": {"action_time": "2017-01-22T15:11:03.520Z", "user": 1, "content_type": 8, "object_id": "2", "object_repr": "2", "action_flag": 1, "change_message": "[{\"added\": {}}]"}}, {"model": "admin.logentry", "pk": 6, "fields": {"action_time": "2017-01-22T15:14:08.944Z", "user": 1, "content_type": 9, "object_id": "1", "object_repr": "Iphone 7 Plus 256gb", "action_flag": 2, "change_message": "[{\"added\": {\"object\": \"3\", \"name\": \"\\u0424\\u043e\\u0442\\u043e\\u0433\\u0440\\u0430\\u0444\\u0438\\u044f\"}}]"}}, {"model": "admin.logentry", "pk": 7, "fields": {"action_time": "2017-01-22T15:14:32.017Z", "user": 1, "content_type": 9, "object_id": "1", "object_repr": "Iphone 7 Plus 256gb", "action_flag": 2, "change_message": "[{\"added\": {\"object\": \"4\", \"name\": \"\\u0424\\u043e\\u0442\\u043e\\u0433\\u0440\\u0430\\u0444\\u0438\\u044f\"}}]"}}, {"model": "admin.logentry", "pk": 8, "fields": {"action_time": "2017-01-22T15:14:40.509Z", "user": 1, "content_type": 9, "object_id": "1", "object_repr": "Iphone 7 Plus 256gb", "action_flag": 2, "change_message": "[{\"deleted\": {\"object\": \"None\", \"name\": \"\\u0424\\u043e\\u0442\\u043e\\u0433\\u0440\\u0430\\u0444\\u0438\\u044f\"}}]"}}, {"model": "admin.logentry", "pk": 9, "fields": {"action_time": "2017-01-22T15:14:46.421Z", "user": 1, "content_type": 9, "object_id": "1", "object_repr": "Iphone 7 Plus 256gb", "action_flag": 2, "change_message": "[{\"changed\": {\"object\": \"3\", \"fields\": [\"is_active\"], \"name\": \"\\u0424\\u043e\\u0442\\u043e\\u0433\\u0440\\u0430\\u0444\\u0438\\u044f\"}}]"}}, {"model": "admin.logentry", "pk": 10, "fields": {"action_time": "2017-01-22T15:15:59.321Z", "user": 1, "content_type": 11, "object_id": "1", "object_repr": "\u0421\u0442\u0430\u0442\u0443\u0441 \u041d\u043e\u0432\u044b\u0439", "action_flag": 1, "change_message": "[{\"added\": {}}]"}}, {"model": "admin.logentry", "pk": 11, "fields": {"action_time": "2017-01-22T15:16:05.600Z", "user": 1, "content_type": 11, "object_id": "2", "object_repr": "\u0421\u0442\u0430\u0442\u0443\u0441 \u0412 \u0440\u0430\u0431\u043e\u0442\u0435", "action_flag": 1, "change_message": "[{\"added\": {}}]"}}, {"model": "admin.logentry", "pk": 12, "fields": {"action_time": "2017-01-22T15:16:10.950Z", "user": 1, "content_type": 11, "object_id": "3", "object_repr": "\u0421\u0442\u0430\u0442\u0443\u0441 \u041e\u0442\u043c\u0435\u043d\u0435\u043d", "action_flag": 1, "change_message": "[{\"added\": {}}]"}}, {"model": "admin.logentry", "pk": 13, "fields": {"action_time": "2017-01-22T15:16:18.246Z", "user": 1, "content_type": 11, "object_id": "4", "object_repr": "\u0421\u0442\u0430\u0442\u0443\u0441 \u0417\u0430\u043a\u0440\u044b\u0442", "action_flag": 1, "change_message": "[{\"added\": {}}]"}}, {"model": "admin.logentry", "pk": 14, "fields": {"action_time": "2017-01-22T15:16:37.724Z", "user": 1, "content_type": 11, "object_id": "4", "object_repr": "\u0421\u0442\u0430\u0442\u0443\u0441 \u0412\u044b\u043f\u043e\u043b\u043d\u0435\u043d", "action_flag": 2, "change_message": "[{\"changed\": {\"fields\": [\"name\"]}}]"}}, {"model": "admin.logentry", "pk": 15, "fields": {"action_time": "2017-01-22T15:16:57.461Z", "user": 1, "content_type": 12, "object_id": "1", "object_repr": "\u0417\u0430\u043a\u0430\u0437 1 \u041d\u043e\u0432\u044b\u0439", "action_flag": 1, "change_message": "[{\"added\": {}}]"}}, {"model": "admin.logentry", "pk": 16, "fields": {"action_time": "2017-01-22T15:17:19.557Z", "user": 1, "content_type": 10, "object_id": "1", "object_repr": "Iphone 7 Plus 256gb", "action_flag": 1, "change_message": "[{\"added\": {}}]"}}, {"model": "admin.logentry", "pk": 17, "fields": {"action_time": "2017-02-05T09:48:52.337Z", "user": 1, "content_type": 9, "object_id": "2", "object_repr": "Apple iPhone 5s 16gb", "action_flag": 1, "change_message": "[{\"added\": {}}]"}}, {"model": "admin.logentry", "pk": 18, "fields": {"action_time": "2017-02-05T09:49:55.551Z", "user": 1, "content_type": 9, "object_id": "2", "object_repr": "Apple iPhone 5s 16gb", "action_flag": 2, "change_message": "[{\"added\": {\"object\": \"5\", \"name\": \"\\u0424\\u043e\\u0442\\u043e\\u0433\\u0440\\u0430\\u0444\\u0438\\u044f\"}}, {\"added\": {\"object\": \"6\", \"name\": \"\\u0424\\u043e\\u0442\\u043e\\u0433\\u0440\\u0430\\u0444\\u0438\\u044f\"}}, {\"added\": {\"object\": \"7\", \"name\": \"\\u0424\\u043e\\u0442\\u043e\\u0433\\u0440\\u0430\\u0444\\u0438\\u044f\"}}]"}}, {"model": "admin.logentry", "pk": 19, "fields": {"action_time": "2017-02-05T09:53:07.543Z", "user": 1, "content_type": 9, "object_id": "3", "object_repr": "Apple iPhone 7 128 \u0413\u0411 Silver", "action_flag": 1, "change_message": "[{\"added\": {}}, {\"added\": {\"object\": \"8\", \"name\": \"\\u0424\\u043e\\u0442\\u043e\\u0433\\u0440\\u0430\\u0444\\u0438\\u044f\"}}, {\"added\": {\"object\": \"9\", \"name\": \"\\u0424\\u043e\\u0442\\u043e\\u0433\\u0440\\u0430\\u0444\\u0438\\u044f\"}}]"}}, {"model": "admin.logentry", "pk": 20, "fields": {"action_time": "2017-02-05T09:54:29.489Z", "user": 1, "content_type": 9, "object_id": "4", "object_repr": "Apple MacBook 12\" Retina", "action_flag": 1, "change_message": "[{\"added\": {}}]"}}, {"model": "admin.logentry", "pk": 21, "fields": {"action_time": "2017-02-05T09:55:12.802Z", "user": 1, "content_type": 9, "object_id": "4", "object_repr": "Apple MacBook 12\" Retina", "action_flag": 2, "change_message": "[{\"added\": {\"object\": \"10\", \"name\": \"\\u0424\\u043e\\u0442\\u043e\\u0433\\u0440\\u0430\\u0444\\u0438\\u044f\"}}, {\"added\": {\"object\": \"11\", \"name\": \"\\u0424\\u043e\\u0442\\u043e\\u0433\\u0440\\u0430\\u0444\\u0438\\u044f\"}}, {\"added\": {\"object\": \"12\", \"name\": \"\\u0424\\u043e\\u0442\\u043e\\u0433\\u0440\\u0430\\u0444\\u0438\\u044f\"}}, {\"added\": {\"object\": \"13\", \"name\": \"\\u0424\\u043e\\u0442\\u043e\\u0433\\u0440\\u0430\\u0444\\u0438\\u044f\"}}]"}}, {"model": "admin.logentry", "pk": 22, "fields": {"action_time": "2017-02-05T10:13:37.240Z", "user": 1, "content_type": 9, "object_id": "4", "object_repr": "Apple MacBook 12\" Retina", "action_flag": 2, "change_message": "[{\"changed\": {\"fields\": [\"price\"]}}]"}}, {"model": "admin.logentry", "pk": 23, "fields": {"action_time": "2017-02-05T10:14:25.332Z", "user": 1, "content_type": 12, "object_id": "2", "object_repr": "\u0417\u0430\u043a\u0430\u0437 2 \u041d\u043e\u0432\u044b\u0439", "action_flag": 1, "change_message": "[{\"added\": {}}, {\"added\": {\"name\": \"\\u0422\\u043e\\u0432\\u0430\\u0440 \\u0432 \\u0437\\u0430\\u043a\\u0430\\u0437\\u0435\", \"object\": \"Apple MacBook 12\\\" Retina\"}}]"}}, {"model": "admin.logentry", "pk": 24, "fields": {"action_time": "2017-02-05T10:22:19.922Z", "user": 1, "content_type": 12, "object_id": "3", "object_repr": "\u0417\u0430\u043a\u0430\u0437 3 \u041d\u043e\u0432\u044b\u0439", "action_flag": 1, "change_message": "[{\"added\": {}}, {\"added\": {\"name\": \"\\u0422\\u043e\\u0432\\u0430\\u0440 \\u0432 \\u0437\\u0430\\u043a\\u0430\\u0437\\u0435\", \"object\": \"Apple MacBook 12\\\" Retina\"}}]"}}, {"model": "admin.logentry", "pk": 25, "fields": {"action_time": "2017-02-05T10:22:53.897Z", "user": 1, "content_type": 9, "object_id": "1", "object_repr": "28000.00, Iphone 7 Plus 256gb", "action_flag": 2, "change_message": "[{\"changed\": {\"fields\": [\"price\"]}}]"}}, {"model": "admin.logentry", "pk": 26, "fields": {"action_time": "2017-02-05T10:23:03.557Z", "user": 1, "content_type": 12, "object_id": "3", "object_repr": "\u0417\u0430\u043a\u0430\u0437 3 \u041d\u043e\u0432\u044b\u0439", "action_flag": 2, "change_message": "[{\"added\": {\"name\": \"\\u0422\\u043e\\u0432\\u0430\\u0440 \\u0432 \\u0437\\u0430\\u043a\\u0430\\u0437\\u0435\", \"object\": \"Iphone 7 Plus 256gb\"}}]"}}, {"model": "admin.logentry", "pk": 27, "fields": {"action_time": "2017-02-05T10:23:27.230Z", "user": 1, "content_type": 12, "object_id": "3", "object_repr": "\u0417\u0430\u043a\u0430\u0437 3 \u041d\u043e\u0432\u044b\u0439", "action_flag": 2, "change_message": "[{\"changed\": {\"fields\": [\"nmb\"], \"name\": \"\\u0422\\u043e\\u0432\\u0430\\u0440 \\u0432 \\u0437\\u0430\\u043a\\u0430\\u0437\\u0435\", \"object\": \"Apple MacBook 12\\\" Retina\"}}]"}}, {"model": "admin.logentry", "pk": 28, "fields": {"action_time": "2017-02-05T10:23:36.000Z", "user": 1, "content_type": 12, "object_id": "3", "object_repr": "\u0417\u0430\u043a\u0430\u0437 3 \u041d\u043e\u0432\u044b\u0439", "action_flag": 2, "change_message": "[]"}}, {"model": "admin.logentry", "pk": 29, "fields": {"action_time": "2017-02-12T13:11:32.554Z", "user": 1, "content_type": 8, "object_id": "1", "object_repr": "1", "action_flag": 2, "change_message": "[{\"changed\": {\"fields\": [\"is_main\"]}}]"}}, {"model": "admin.logentry", "pk": 30, "fields": {"action_time": "2017-02-12T13:11:43.883Z", "user": 1, "content_type": 8, "object_id": "5", "object_repr": "5", "action_flag": 2, "change_message": "[{\"changed\": {\"fields\": [\"is_main\"]}}]"}}, {"model": "admin.logentry", "pk": 31, "fields": {"action_time": "2017-02-12T13:11:55.293Z", "user": 1, "content_type": 8, "object_id": "8", "object_repr": "8", "action_flag": 2, "change_message": "[{\"changed\": {\"fields\": [\"is_main\"]}}]"}}, {"model": "admin.logentry", "pk": 32, "fields": {"action_time": "2017-02-12T13:12:04.411Z", "user": 1, "content_type": 8, "object_id": "11", "object_repr": "11", "action_flag": 2, "change_message": "[{\"changed\": {\"fields\": [\"is_main\"]}}]"}}, {"model": "admin.logentry", "pk": 33, "fields": {"action_time": "2017-02-12T17:01:48.747Z", "user": 1, "content_type": 13, "object_id": "1", "object_repr": "\u0422\u0435\u043b\u0435\u0444\u043e\u043d\u044b", "action_flag": 1, "change_message": "[{\"added\": {}}]"}}, {"model": "admin.logentry", "pk": 34, "fields": {"action_time": "2017-02-12T17:01:56.894Z", "user": 1, "content_type": 13, "object_id": "2", "object_repr": "\u041d\u043e\u0443\u0442\u0431\u0443\u043a\u0438", "action_flag": 1, "change_message": "[{\"added\": {}}]"}}, {"model": "admin.logentry", "pk": 35, "fields": {"action_time": "2017-02-12T17:02:03.460Z", "user": 1, "content_type": 9, "object_id": "1", "object_repr": "28000.00, Iphone 7 Plus 256gb", "action_flag": 2, "change_message": "[{\"changed\": {\"fields\": [\"category\"]}}]"}}, {"model": "admin.logentry", "pk": 36, "fields": {"action_time": "2017-02-12T17:02:13.252Z", "user": 1, "content_type": 9, "object_id": "2", "object_repr": "0.00, Apple iPhone 5s 16gb", "action_flag": 2, "change_message": "[{\"changed\": {\"fields\": [\"category\"]}}]"}}, {"model": "admin.logentry", "pk": 37, "fields": {"action_time": "2017-02-12T17:02:21.593Z", "user": 1, "content_type": 9, "object_id": "4", "object_repr": "32000.05, Apple MacBook 12\" Retina", "action_flag": 2, "change_message": "[{\"changed\": {\"fields\": [\"category\"]}}]"}}, {"model": "admin.logentry", "pk": 38, "fields": {"action_time": "2017-02-12T17:02:37.912Z", "user": 1, "content_type": 9, "object_id": "3", "object_repr": "0.00, Apple iPhone 7 128 \u0413\u0411 Silver", "action_flag": 2, "change_message": "[{\"changed\": {\"fields\": [\"discount\", \"category\"]}}]"}}, {"model": "admin.logentry", "pk": 39, "fields": {"action_time": "2017-02-12T17:11:25.896Z", "user": 1, "content_type": 9, "object_id": "3", "object_repr": "0.00, Apple iPhone 7 128 \u0413\u0411 Silver", "action_flag": 2, "change_message": "[{\"changed\": {\"fields\": [\"discount\"]}}]"}}, {"model": "admin.logentry", "pk": 40, "fields": {"action_time": "2017-02-12T17:11:32.563Z", "user": 1, "content_type": 9, "object_id": "4", "object_repr": "32000.05, Apple MacBook 12\" Retina", "action_flag": 2, "change_message": "[{\"changed\": {\"fields\": [\"discount\"]}}]"}}, {"model": "admin.logentry", "pk": 41, "fields": {"action_time": "2017-04-02T16:28:03.629Z", "user": 1, "content_type": 9, "object_id": "2", "object_repr": "20000.00, Apple iPhone 5s 16gb", "action_flag": 2, "change_message": "[{\"changed\": {\"fields\": [\"price\"]}}]"}}, {"model": "admin.logentry", "pk": 42, "fields": {"action_time": "2017-04-02T16:28:05.615Z", "user": 1, "content_type": 14, "object_id": "8", "object_repr": "Apple iPhone 5s 16gb", "action_flag": 2, "change_message": "[]"}}, {"model": "admin.logentry", "pk": 43, "fields": {"action_time": "2017-04-02T16:40:54.812Z", "user": 1, "content_type": 14, "object_id": "11", "object_repr": "Apple MacBook 12\" Retina", "action_flag": 3, "change_message": ""}}, {"model": "admin.logentry", "pk": 44, "fields": {"action_time": "2017-04-02T16:40:54.819Z", "user": 1, "content_type": 14, "object_id": "10", "object_repr": "Apple MacBook 12\" Retina", "action_flag": 3, "change_message": ""}}, {"model": "admin.logentry", "pk": 45, "fields": {"action_time": "2017-04-02T16:40:54.824Z", "user": 1, "content_type": 14, "object_id": "9", "object_repr": "Apple MacBook 12\" Retina", "action_flag": 3, "change_message": ""}}, {"model": "admin.logentry", "pk": 46, "fields": {"action_time": "2017-04-02T16:40:54.828Z", "user": 1, "content_type": 14, "object_id": "8", "object_repr": "Apple iPhone 5s 16gb", "action_flag": 3, "change_message": ""}}, {"model": "admin.logentry", "pk": 47, "fields": {"action_time": "2017-04-02T16:40:54.835Z", "user": 1, "content_type": 14, "object_id": "7", "object_repr": "Apple iPhone 5s 16gb", "action_flag": 3, "change_message": ""}}, {"model": "admin.logentry", "pk": 48, "fields": {"action_time": "2017-04-02T16:40:54.839Z", "user": 1, "content_type": 14, "object_id": "6", "object_repr": "Apple iPhone 5s 16gb", "action_flag": 3, "change_message": ""}}, {"model": "admin.logentry", "pk": 49, "fields": {"action_time": "2017-04-02T16:40:54.844Z", "user": 1, "content_type": 14, "object_id": "5", "object_repr": "Apple iPhone 5s 16gb", "action_flag": 3, "change_message": ""}}, {"model": "admin.logentry", "pk": 50, "fields": {"action_time": "2017-04-02T16:40:54.848Z", "user": 1, "content_type": 14, "object_id": "4", "object_repr": "Apple iPhone 5s 16gb", "action_flag": 3, "change_message": ""}}, {"model": "admin.logentry", "pk": 51, "fields": {"action_time": "2017-04-02T16:40:54.853Z", "user": 1, "content_type": 14, "object_id": "3", "object_repr": "Apple iPhone 5s 16gb", "action_flag": 3, "change_message": ""}}, {"model": "admin.logentry", "pk": 52, "fields": {"action_time": "2017-04-02T16:40:54.858Z", "user": 1, "content_type": 14, "object_id": "2", "object_repr": "Apple iPhone 5s 16gb", "action_flag": 3, "change_message": ""}}, {"model": "admin.logentry", "pk": 53, "fields": {"action_time": "2017-04-02T16:40:54.863Z", "user": 1, "content_type": 14, "object_id": "1", "object_repr": "Apple iPhone 5s 16gb", "action_flag": 3, "change_message": ""}}, {"model": "admin.logentry", "pk": 54, "fields": {"action_time": "2017-05-16T21:49:25.595Z", "user": 1, "content_type": 14, "object_id": "23", "object_repr": "Iphone 7 Plus 256gb", "action_flag": 3, "change_message": ""}}, {"model": "admin.logentry", "pk": 55, "fields": {"action_time": "2017-05-16T21:49:25.600Z", "user": 1, "content_type": 14, "object_id": "22", "object_repr": "Apple iPhone 7 128 \u0413\u0411 Silver", "action_flag": 3, "change_message": ""}}, {"model": "admin.logentry", "pk": 56, "fields": {"action_time": "2017-05-16T21:49:25.604Z", "user": 1, "content_type": 14, "object_id": "21", "object_repr": "Apple MacBook 12\" Retina", "action_flag": 3, "change_message": ""}}, {"model": "admin.logentry", "pk": 57, "fields": {"action_time": "2017-05-16T21:49:25.608Z", "user": 1, "content_type": 14, "object_id": "20", "object_repr": "Apple iPhone 5s 16gb", "action_flag": 3, "change_message": ""}}, {"model": "admin.logentry", "pk": 58, "fields": {"action_time": "2017-05-16T21:49:25.615Z", "user": 1, "content_type": 14, "object_id": "19", "object_repr": "Apple MacBook 12\" Retina", "action_flag": 3, "change_message": ""}}, {"model": "admin.logentry", "pk": 59, "fields": {"action_time": "2017-05-16T21:49:25.620Z", "user": 1, "content_type": 14, "object_id": "18", "object_repr": "Apple iPhone 5s 16gb", "action_flag": 3, "change_message": ""}}, {"model": "admin.logentry", "pk": 60, "fields": {"action_time": "2017-05-16T21:49:25.624Z", "user": 1, "content_type": 14, "object_id": "17", "object_repr": "Iphone 7 Plus 256gb", "action_flag": 3, "change_message": ""}}, {"model": "admin.logentry", "pk": 61, "fields": {"action_time": "2017-05-16T21:49:25.630Z", "user": 1, "content_type": 14, "object_id": "16", "object_repr": "Iphone 7 Plus 256gb", "action_flag": 3, "change_message": ""}}, {"model": "admin.logentry", "pk": 62, "fields": {"action_time": "2017-05-16T21:49:25.634Z", "user": 1, "content_type": 14, "object_id": "15", "object_repr": "Apple MacBook 12\" Retina", "action_flag": 3, "change_message": ""}}, {"model": "admin.logentry", "pk": 63, "fields": {"action_time": "2017-05-16T21:49:25.642Z", "user": 1, "content_type": 14, "object_id": "14", "object_repr": "Apple MacBook 12\" Retina", "action_flag": 3, "change_message": ""}}, {"model": "admin.logentry", "pk": 64, "fields": {"action_time": "2017-05-16T21:49:25.646Z", "user": 1, "content_type": 14, "object_id": "13", "object_repr": "Apple MacBook 12\" Retina", "action_flag": 3, "change_message": ""}}, {"model": "admin.logentry", "pk": 65, "fields": {"action_time": "2017-05-16T21:49:25.650Z", "user": 1, "content_type": 14, "object_id": "12", "object_repr": "Apple MacBook 12\" Retina", "action_flag": 3, "change_message": ""}}]